barcode_pair,strand,INS,DEL,A,T,G,C
NB01_FWD_NB07_REV,+,10542,791,8613,257,1972,251
NB01_FWD_NB07_REV,-,12900,874,130,10822,567,1717
NB01_FWD_NB08_REV,+,11183,758,9035,251,1971,269
NB01_FWD_NB08_REV,-,15460,1302,157,13406,766,2153
NB01_FWD_NB09_REV,+,13670,885,10072,291,2301,297
NB01_FWD_NB09_REV,-,15098,1063,157,12792,748,1990
NB01_FWD_NB17_REV,+,9393,448,7603,167,1153,172
NB01_FWD_NB17_REV,-,9000,414,44,7209,278,688
NB01_FWD_NB18_REV,+,9676,486,7645,175,1122,137
NB01_FWD_NB18_REV,-,8016,443,60,6682,256,667
NB01_FWD_NB19_REV,+,9838,509,7710,176,1226,152
NB01_FWD_NB19_REV,-,8965,309,50,5613,260,500
NB01_FWD_NB21_REV,+,9712,802,5727,272,2068,106
NB01_FWD_NB21_REV,-,8052,732,106,4726,375,1294
NB01_FWD_NB22_REV,+,8796,856,5431,284,2075,86
NB01_FWD_NB22_REV,-,6191,618,87,3946,310,1182
NB01_FWD_NB23_REV,+,9045,805,5341,311,1982,82
NB01_FWD_NB23_REV,-,7317,675,106,4897,404,1341
NB02_FWD_NB07_REV,+,14880,1203,11805,531,2695,227
NB02_FWD_NB07_REV,-,19622,1814,210,12919,785,3080
NB02_FWD_NB08_REV,+,16477,1248,12695,546,2821,255
NB02_FWD_NB08_REV,-,22002,2359,270,14755,1010,3533
NB02_FWD_NB09_REV,+,20089,1431,13520,633,2945,269
NB02_FWD_NB09_REV,-,21642,2047,263,14158,1112,3439
NB02_FWD_NB17_REV,+,10401,828,6268,436,1853,117
NB02_FWD_NB17_REV,-,10030,1065,133,4847,532,1520
NB02_FWD_NB18_REV,+,15172,1096,8862,571,2425,157
NB02_FWD_NB18_REV,-,11964,1396,184,6042,597,1909
NB02_FWD_NB19_REV,+,16334,1208,9122,576,2551,154
NB02_FWD_NB19_REV,-,13069,1045,132,5356,540,1596
NB02_FWD_NB21_REV,+,13482,1023,7349,489,2240,156
NB02_FWD_NB21_REV,-,11080,1172,141,4846,643,1641
NB02_FWD_NB22_REV,+,11488,918,6739,454,2076,135
NB02_FWD_NB22_REV,-,8355,898,145,3828,472,1410
NB02_FWD_NB23_REV,+,12024,880,6156,472,2088,141
NB02_FWD_NB23_REV,-,9081,1102,170,4372,505,1594
NB04_FWD_NB07_REV,+,11757,1151,4238,566,3303,127
NB04_FWD_NB07_REV,-,15909,2197,299,5028,929,2730
NB04_FWD_NB08_REV,+,12691,1190,4643,590,3415,169
NB04_FWD_NB08_REV,-,18959,2880,352,5899,1170,3277
NB04_FWD_NB09_REV,+,15424,1364,5192,643,3799,187
NB04_FWD_NB09_REV,-,18457,2601,363,5764,1212,3248
NB04_FWD_NB17_REV,+,13568,1316,5458,626,3901,190
NB04_FWD_NB17_REV,-,13519,1738,273,4357,881,2617
NB04_FWD_NB18_REV,+,15695,1706,6126,727,4327,154
NB04_FWD_NB18_REV,-,13023,1978,239,4280,833,2726
NB04_FWD_NB19_REV,+,19183,1987,7379,870,5130,222
NB04_FWD_NB19_REV,-,15822,1635,200,4496,947,2540
NB04_FWD_NB21_REV,+,10063,703,5001,304,1867,134
NB04_FWD_NB21_REV,-,9227,827,104,3894,492,1056
NB04_FWD_NB22_REV,+,10293,801,5313,331,2207,151
NB04_FWD_NB22_REV,-,8007,720,104,3660,440,945
NB04_FWD_NB23_REV,+,9268,674,4404,310,1755,123
NB04_FWD_NB23_REV,-,8026,779,125,3659,411,1034
NB05_FWD_NB07_REV,+,19280,1522,4676,995,5140,232
NB05_FWD_NB07_REV,-,28364,3871,648,5526,1824,3932
NB05_FWD_NB08_REV,+,18393,1375,4591,854,4744,210
NB05_FWD_NB08_REV,-,30602,4535,662,5897,2105,4128
NB05_FWD_NB09_REV,+,21593,1551,5228,1015,5251,262
NB05_FWD_NB09_REV,-,28456,4058,611,5350,2098,3961
NB05_FWD_NB10_REV,+,13101,89,20360,5,78,4
NB05_FWD_NB10_REV,-,16015,92,15,19588,7,4
NB05_FWD_NB17_REV,+,18399,2080,6006,945,6547,355
NB05_FWD_NB17_REV,-,19738,2679,433,4705,1643,4435
NB05_FWD_NB18_REV,+,18389,2065,5668,890,6186,351
NB05_FWD_NB18_REV,-,17202,2924,398,4133,1331,3881
NB05_FWD_NB19_REV,+,23551,2639,7247,1127,8081,380
NB05_FWD_NB19_REV,-,20282,2340,339,4294,1433,3820
NB05_FWD_NB21_REV,+,16355,793,5623,515,2528,192
NB05_FWD_NB21_REV,-,18220,1602,218,4995,936,1222
NB05_FWD_NB22_REV,+,17708,910,6426,560,2989,194
NB05_FWD_NB22_REV,-,15085,1330,216,4544,782,1101
NB05_FWD_NB23_REV,+,16779,899,5733,510,2635,198
NB05_FWD_NB23_REV,-,16952,1470,254,5070,905,1235
NB06_FWD_NB07_REV,+,15704,1131,3961,799,3725,155
NB06_FWD_NB07_REV,-,23360,3035,476,4177,1460,2467
NB06_FWD_NB08_REV,+,13922,953,3555,653,3153,125
NB06_FWD_NB08_REV,-,25417,3607,467,4420,1655,2661
NB06_FWD_NB09_REV,+,19402,1281,4577,886,4203,186
NB06_FWD_NB09_REV,-,26039,3443,546,4379,1873,2888
NB06_FWD_NB17_REV,+,15377,1889,4676,869,5667,207
NB06_FWD_NB17_REV,-,16997,2392,387,3674,1314,3537
NB06_FWD_NB18_REV,+,19548,2380,5474,968,6543,222
NB06_FWD_NB18_REV,-,17562,2900,422,3757,1384,3940
NB06_FWD_NB19_REV,+,22711,2791,6448,1164,7770,248
NB06_FWD_NB19_REV,-,18898,2178,312,3601,1347,3386
NB06_FWD_NB21_REV,+,12247,599,4226,391,1799,127
NB06_FWD_NB21_REV,-,13144,1057,167,3663,623,748
NB06_FWD_NB22_REV,+,14642,816,5292,474,2303,124
NB06_FWD_NB22_REV,-,11301,953,167,3276,537,716
NB06_FWD_NB23_REV,+,12534,673,4284,388,1918,121
NB06_FWD_NB23_REV,-,11771,1079,139,3493,546,787
NB28_FWD_NB28_REV,+,5811,1039,881,226,2819,11
NB28_FWD_NB28_REV,-,4862,905,92,896,279,1827
